"jmcd","title","file"
"9500","제34회 1차","C:\cert-data\chansol_api\9500\9500.norm.json"
"9500","제34회 2차","C:\cert-data\chansol_api\9500\9500.norm.json"
"9500","제34회 3차","C:\cert-data\chansol_api\9500\9500.norm.json"
"9501","제27회 1차","C:\cert-data\chansol_api\9501\9501.norm.json"
"9501","제27회 2차","C:\cert-data\chansol_api\9501\9501.norm.json"
"9502","제27회 1차","C:\cert-data\chansol_api\9502\9502.norm.json"
"9502","제27회 2차","C:\cert-data\chansol_api\9502\9502.norm.json"
"9503","제23회 1차","C:\cert-data\chansol_api\9503\9503.norm.json"
"9503","제23회 2차","C:\cert-data\chansol_api\9503\9503.norm.json"
"9624","제25회","C:\cert-data\chansol_api\9624\9624.norm.json"
"9624","제25회","C:\cert-data\chansol_api\9624\9624.norm.json"
"9625","제25회","C:\cert-data\chansol_api\9625\9625.norm.json"
"9625","제25회","C:\cert-data\chansol_api\9625\9625.norm.json"
"9626","제25회","C:\cert-data\chansol_api\9626\9626.norm.json"
"9626","제25회","C:\cert-data\chansol_api\9626\9626.norm.json"
"9627","제25회","C:\cert-data\chansol_api\9627\9627.norm.json"
"9627","제25회","C:\cert-data\chansol_api\9627\9627.norm.json"
"9628","제25회","C:\cert-data\chansol_api\9628\9628.norm.json"
"9628","제25회","C:\cert-data\chansol_api\9628\9628.norm.json"
"9629","제25회","C:\cert-data\chansol_api\9629\9629.norm.json"
"9629","제25회","C:\cert-data\chansol_api\9629\9629.norm.json"
"9630","제36회 1차","C:\cert-data\chansol_api\9630\9630.norm.json"
"9630","제36회 2차","C:\cert-data\chansol_api\9630\9630.norm.json"
"9631","제25회","C:\cert-data\chansol_api\9631\9631.norm.json"
"9631","제25회","C:\cert-data\chansol_api\9631\9631.norm.json"
"9632","제25회","C:\cert-data\chansol_api\9632\9632.norm.json"
"9632","제25회","C:\cert-data\chansol_api\9632\9632.norm.json"
"9633","제25회","C:\cert-data\chansol_api\9633\9633.norm.json"
"9633","제25회","C:\cert-data\chansol_api\9633\9633.norm.json"
"9634","제25회","C:\cert-data\chansol_api\9634\9634.norm.json"
"9634","제25회","C:\cert-data\chansol_api\9634\9634.norm.json"
"9635","제25회","C:\cert-data\chansol_api\9635\9635.norm.json"
"9635","제25회","C:\cert-data\chansol_api\9635\9635.norm.json"
"9640","제42회 1차","C:\cert-data\chansol_api\9640\9640.norm.json"
"9640","제42회 2차","C:\cert-data\chansol_api\9640\9640.norm.json"
"9641","제62회 1차","C:\cert-data\chansol_api\9641\9641.norm.json"
"9641","제62회 2차","C:\cert-data\chansol_api\9641\9641.norm.json"
"9658","제25회 1차","C:\cert-data\chansol_api\9658\9658.norm.json"
"9658","제25회 2차","C:\cert-data\chansol_api\9658\9658.norm.json"
"9659","제26회 1차","C:\cert-data\chansol_api\9659\9659.norm.json"
"9660","제20회","C:\cert-data\chansol_api\9660\9660.norm.json"
"9660","제20회","C:\cert-data\chansol_api\9660\9660.norm.json"
"9661","제25회","C:\cert-data\chansol_api\9661\9661.norm.json"
"9661","제25회","C:\cert-data\chansol_api\9661\9661.norm.json"
"9663","제25회","C:\cert-data\chansol_api\9663\9663.norm.json"
"9663","제25회","C:\cert-data\chansol_api\9663\9663.norm.json"
"9664","제25회","C:\cert-data\chansol_api\9664\9664.norm.json"
"9664","제25회","C:\cert-data\chansol_api\9664\9664.norm.json"
"9665","제25회","C:\cert-data\chansol_api\9665\9665.norm.json"
"9665","제25회","C:\cert-data\chansol_api\9665\9665.norm.json"
"9666","제43회","C:\cert-data\chansol_api\9666\9666.norm.json"
"9666","제43회","C:\cert-data\chansol_api\9666\9666.norm.json"
"9667","제43회","C:\cert-data\chansol_api\9667\9667.norm.json"
"9667","제43회","C:\cert-data\chansol_api\9667\9667.norm.json"
"9668","제43회","C:\cert-data\chansol_api\9668\9668.norm.json"
"9668","제43회","C:\cert-data\chansol_api\9668\9668.norm.json"
"9669","제43회","C:\cert-data\chansol_api\9669\9669.norm.json"
"9669","제43회","C:\cert-data\chansol_api\9669\9669.norm.json"
"9670","제43회","C:\cert-data\chansol_api\9670\9670.norm.json"
"9670","제43회","C:\cert-data\chansol_api\9670\9670.norm.json"
"9671","제43회","C:\cert-data\chansol_api\9671\9671.norm.json"
"9671","제43회","C:\cert-data\chansol_api\9671\9671.norm.json"
"9672","제1회","C:\cert-data\chansol_api\9672\9672.norm.json"
"9673","제1회","C:\cert-data\chansol_api\9673\9673.norm.json"
"9674","제1회","C:\cert-data\chansol_api\9674\9674.norm.json"
"9675","제1회","C:\cert-data\chansol_api\9675\9675.norm.json"
"9676","제1회","C:\cert-data\chansol_api\9676\9676.norm.json"
"9677","제1회","C:\cert-data\chansol_api\9677\9677.norm.json"
"9678","제1회","C:\cert-data\chansol_api\9678\9678.norm.json"
"9679","제1회","C:\cert-data\chansol_api\9679\9679.norm.json"
"9680","제1회","C:\cert-data\chansol_api\9680\9680.norm.json"
"9681","제1회","C:\cert-data\chansol_api\9681\9681.norm.json"
"9682","제1회","C:\cert-data\chansol_api\9682\9682.norm.json"
"9683","제1회","C:\cert-data\chansol_api\9683\9683.norm.json"
"9684","제1회","C:\cert-data\chansol_api\9684\9684.norm.json"
"9685","제1회","C:\cert-data\chansol_api\9685\9685.norm.json"
"9686","제1회","C:\cert-data\chansol_api\9686\9686.norm.json"
"9687","제1회","C:\cert-data\chansol_api\9687\9687.norm.json"
"9688","제1회","C:\cert-data\chansol_api\9688\9688.norm.json"
"9689","제1회","C:\cert-data\chansol_api\9689\9689.norm.json"
"9690","제1회","C:\cert-data\chansol_api\9690\9690.norm.json"
"9691","제1회","C:\cert-data\chansol_api\9691\9691.norm.json"
"9692","제1회","C:\cert-data\chansol_api\9692\9692.norm.json"
"9693","제1회","C:\cert-data\chansol_api\9693\9693.norm.json"
"9694","제1회","C:\cert-data\chansol_api\9694\9694.norm.json"
"9695","제22회 1차","C:\cert-data\chansol_api\9695\9695.norm.json"
"9695","제22회 2차","C:\cert-data\chansol_api\9695\9695.norm.json"
"9696","제23회 1차","C:\cert-data\chansol_api\9696\9696.norm.json"
"9696","제23회 2차","C:\cert-data\chansol_api\9696\9696.norm.json"
"9697","제23회 1차","C:\cert-data\chansol_api\9697\9697.norm.json"
"9697","제23회 2차","C:\cert-data\chansol_api\9697\9697.norm.json"
"9698","제23회 1차","C:\cert-data\chansol_api\9698\9698.norm.json"
"9698","제23회 2차","C:\cert-data\chansol_api\9698\9698.norm.json"
"9699","제23회 1차","C:\cert-data\chansol_api\9699\9699.norm.json"
"9699","제23회 2차","C:\cert-data\chansol_api\9699\9699.norm.json"
"9700","제23회 1차","C:\cert-data\chansol_api\9700\9700.norm.json"
"9700","제23회 2차","C:\cert-data\chansol_api\9700\9700.norm.json"
"9701","제40회 1차","C:\cert-data\chansol_api\9701\9701.norm.json"
"9701","제40회 2차","C:\cert-data\chansol_api\9701\9701.norm.json"
"9702","제40회 1차","C:\cert-data\chansol_api\9702\9702.norm.json"
"9702","제40회 2차","C:\cert-data\chansol_api\9702\9702.norm.json"
"9703","제40회 1차","C:\cert-data\chansol_api\9703\9703.norm.json"
"9703","제40회 2차","C:\cert-data\chansol_api\9703\9703.norm.json"
"9704","제40회 1차","C:\cert-data\chansol_api\9704\9704.norm.json"
"9704","제40회 2차","C:\cert-data\chansol_api\9704\9704.norm.json"
"9705","제40회 1차","C:\cert-data\chansol_api\9705\9705.norm.json"
"9705","제40회 2차","C:\cert-data\chansol_api\9705\9705.norm.json"
"9706","제1회","C:\cert-data\chansol_api\9706\9706.norm.json"
"9711","제15회 1차","C:\cert-data\chansol_api\9711\9711.norm.json"
"9711","제15회 2차","C:\cert-data\chansol_api\9711\9711.norm.json"
"9711","제15회 3차","C:\cert-data\chansol_api\9711\9711.norm.json"
"9712","제15회 1차","C:\cert-data\chansol_api\9712\9712.norm.json"
"9712","제15회 2차","C:\cert-data\chansol_api\9712\9712.norm.json"
"9712","제15회 3차","C:\cert-data\chansol_api\9712\9712.norm.json"
"9713","제15회 1차","C:\cert-data\chansol_api\9713\9713.norm.json"
"9713","제15회 2차","C:\cert-data\chansol_api\9713\9713.norm.json"
"9713","제15회 3차","C:\cert-data\chansol_api\9713\9713.norm.json"
"9714","제15회 1차","C:\cert-data\chansol_api\9714\9714.norm.json"
"9714","제15회 2차","C:\cert-data\chansol_api\9714\9714.norm.json"
"9714","제15회 3차","C:\cert-data\chansol_api\9714\9714.norm.json"
"9715","제15회 1차","C:\cert-data\chansol_api\9715\9715.norm.json"
"9715","제15회 2차","C:\cert-data\chansol_api\9715\9715.norm.json"
"9715","제15회 3차","C:\cert-data\chansol_api\9715\9715.norm.json"
"9716","제15회 1차","C:\cert-data\chansol_api\9716\9716.norm.json"
"9716","제15회 2차","C:\cert-data\chansol_api\9716\9716.norm.json"
"9716","제15회 3차","C:\cert-data\chansol_api\9716\9716.norm.json"
"9721","제13회 1차","C:\cert-data\chansol_api\9721\9721.norm.json"
"9721","제13회 2차","C:\cert-data\chansol_api\9721\9721.norm.json"
"9722","제13회 1차","C:\cert-data\chansol_api\9722\9722.norm.json"
"9722","제13회 2차","C:\cert-data\chansol_api\9722\9722.norm.json"
"9723","제13회 1차","C:\cert-data\chansol_api\9723\9723.norm.json"
"9723","제13회 2차","C:\cert-data\chansol_api\9723\9723.norm.json"
"9728","제23회 1차","C:\cert-data\chansol_api\9728\9728.norm.json"
"9728","제23회 2차","C:\cert-data\chansol_api\9728\9728.norm.json"
"9729","제40회 1차","C:\cert-data\chansol_api\9729\9729.norm.json"
"9729","제40회 2차","C:\cert-data\chansol_api\9729\9729.norm.json"
"9737","제62회 1차","C:\cert-data\chansol_api\9737\9737.norm.json"
"9737","제62회 2차","C:\cert-data\chansol_api\9737\9737.norm.json"
"9738","제23회","C:\cert-data\chansol_api\9738\9738.norm.json"
"9739","제37회 1차","C:\cert-data\chansol_api\9739\9739.norm.json"
"9739","제37회 2차","C:\cert-data\chansol_api\9739\9739.norm.json"
"9739","제38회 1차","C:\cert-data\chansol_api\9739\9739.norm.json"
"9739","제38회 2차","C:\cert-data\chansol_api\9739\9739.norm.json"
"9740","제37회 1차","C:\cert-data\chansol_api\9740\9740.norm.json"
"9740","제37회 2차","C:\cert-data\chansol_api\9740\9740.norm.json"
"9740","제38회 1차","C:\cert-data\chansol_api\9740\9740.norm.json"
"9740","제38회 2차","C:\cert-data\chansol_api\9740\9740.norm.json"
"9741","제37회 1차","C:\cert-data\chansol_api\9741\9741.norm.json"
"9741","제37회 2차","C:\cert-data\chansol_api\9741\9741.norm.json"
"9741","제38회 1차","C:\cert-data\chansol_api\9741\9741.norm.json"
"9741","제38회 2차","C:\cert-data\chansol_api\9741\9741.norm.json"
"9744","제28회 1차","C:\cert-data\chansol_api\9744\9744.norm.json"
"9744","제28회 2차","C:\cert-data\chansol_api\9744\9744.norm.json"
"9745","제36회 1차","C:\cert-data\chansol_api\9745\9745.norm.json"
"9745","제36회 2차","C:\cert-data\chansol_api\9745\9745.norm.json"
"9746","제29회","C:\cert-data\chansol_api\9746\9746.norm.json"
"9747","제25회","C:\cert-data\chansol_api\9747\9747.norm.json"
"9747","제25회","C:\cert-data\chansol_api\9747\9747.norm.json"
"9748","제25회","C:\cert-data\chansol_api\9748\9748.norm.json"
"9748","제25회","C:\cert-data\chansol_api\9748\9748.norm.json"
"9749","제25회","C:\cert-data\chansol_api\9749\9749.norm.json"
"9749","제25회","C:\cert-data\chansol_api\9749\9749.norm.json"
"9750","제33회","C:\cert-data\chansol_api\9750\9750.norm.json"
"9750","제33회","C:\cert-data\chansol_api\9750\9750.norm.json"
"9751","제33회","C:\cert-data\chansol_api\9751\9751.norm.json"
"9751","제33회","C:\cert-data\chansol_api\9751\9751.norm.json"
"9752","제33회","C:\cert-data\chansol_api\9752\9752.norm.json"
"9752","제33회","C:\cert-data\chansol_api\9752\9752.norm.json"
"9753","제24회","C:\cert-data\chansol_api\9753\9753.norm.json"
"9753","제24회","C:\cert-data\chansol_api\9753\9753.norm.json"
"9754","제24회","C:\cert-data\chansol_api\9754\9754.norm.json"
"9754","제24회","C:\cert-data\chansol_api\9754\9754.norm.json"
"9755","제24회","C:\cert-data\chansol_api\9755\9755.norm.json"
"9755","제24회","C:\cert-data\chansol_api\9755\9755.norm.json"
"9758","제40회 1차","C:\cert-data\chansol_api\9758\9758.norm.json"
"9758","제40회 2차","C:\cert-data\chansol_api\9758\9758.norm.json"
"9759","제40회 1차","C:\cert-data\chansol_api\9759\9759.norm.json"
"9759","제40회 2차","C:\cert-data\chansol_api\9759\9759.norm.json"
"9762","제11회 1차","C:\cert-data\chansol_api\9762\9762.norm.json"
"9762","제11회 2차","C:\cert-data\chansol_api\9762\9762.norm.json"
"9763","제11회 1차","C:\cert-data\chansol_api\9763\9763.norm.json"
"9763","제11회 2차","C:\cert-data\chansol_api\9763\9763.norm.json"
